<?xml version="1.0"?>
<!DOCTYPE rdf:RDF SYSTEM "http://purl.org/dc/schemas/dcmes-xml-20000714.dtd">

<rdf:RDF xmlns:rdf="http://www.w3.org/1999/02/22-rdf-syntax-ns#"
         xmlns:dc="http://purl.org/dc/elements/1.1/">

 <rdf:Description>
  <dc:title>My Data Set</dc:title>
  <dc:creator>Researcher, Some</dc:creator>
  <dc:subject>Data Curation</dc:subject>
  <dc:description>A flat file containing rows and columns of data with headers as the first row.</dc:description>
  <dc:publisher>University Library</dc:publisher>
  <dc:contributor>Assistant, Researcher</dc:contributor>
  <dc:date>2016-01-26</dc:date>
  <dc:type>Dataset</dc:type>
  <dc:format>csv</dc:format>
  <dc:identifier>http://dx.doi.org/10.5072/FK2FB/5047.1</dc:identifier>
  <dc:source></dc:source>
  <dc:language>en-US</dc:language>
  <dc:relation></dc:relation>
  <dc:coverage>Miami, FL</dc:coverage>
  <dc:coverage>2014-2016</dc:coverage>
  <dc:rights>http://opendatacommons.org/licenses/pddl/1.0/</dc:rights>
 </rdf:Description>

 <rdf:Description>
  <dc:title>My Image File</dc:title>
  <dc:creator>Researcher, Another</dc:creator>
  <dc:subject>Morphometrics</dc:subject>
  <dc:description>A stained x-ray image of Family species</dc:description>
  <dc:publisher>University Department</dc:publisher>
  <dc:contributor>Assistant, My</dc:contributor>
  <dc:date>2014-08-03</dc:date>
  <dc:type>Image</dc:type>
  <dc:format>tiff</dc:format>
  <dc:format>2300 x 1850 pixels</dc:format>
  <dc:identifier>http://myLabWebsite.edu/myProject/images/familySpecies.tif</dc:identifier>
  <dc:source></dc:source>
  <dc:language></dc:language>
  <dc:relation></dc:relation>
  <dc:coverage>Biscayne National Park, FL</dc:coverage>
  <dc:rights>http://creativecommons.org/licenses/by-nc-sa/4.0/</dc:rights>
 </rdf:Description>

</rdf:RDF>
